,City,Country,Date,Lat,Lng,Max Temp,Humidity,Cloudiness,Wind Speed,Current Description,Rain inches(last 3 hrs),Snow inches (last 3 hrs)
0,Tasiilaq,GL,2020-04-19 18:25:11,65.61,-37.64,33.8,69,99,16.11,light snow,0.0,0.43
1,Port Alfred,ZA,2020-04-19 18:20:38,-33.59,26.89,77.63,57,20,14.81,few clouds,0.0,0.43
2,Kavieng,PG,2020-04-19 18:21:21,-2.57,150.8,83.61,71,23,4.18,few clouds,0.0,0.43
3,Iqaluit,CA,2020-04-19 18:22:11,63.75,-68.51,1.4,70,5,3.36,clear sky,0.0,0.43
4,Saint George,US,2020-04-19 18:24:58,37.1,-113.58,66.99,42,1,3.36,clear sky,0.0,0.43
5,Severo-Kurilsk,RU,2020-04-19 18:21:05,50.68,156.12,26.42,90,9,14.27,clear sky,0.0,0.43
6,Hirara,JP,2020-04-19 18:26:27,24.8,125.28,75.16,90,59,17.69,light rain,0.76,0.43
7,Esil,KZ,2020-04-19 18:26:28,51.96,66.4,53.2,66,88,0.69,overcast clouds,0.0,0.43
8,Keuruu,FI,2020-04-19 18:26:28,62.27,24.7,44.6,56,88,8.05,overcast clouds,0.0,0.43
9,Yellowknife,CA,2020-04-19 18:24:42,62.46,-114.35,23.0,62,20,14.99,few clouds,0.0,0.43
10,Port Macquarie,AU,2020-04-19 18:23:42,-31.43,152.92,55.99,97,10,5.79,clear sky,0.0,0.43
11,Atuona,PF,2020-04-19 18:20:27,-9.8,-139.03,82.45,76,92,15.55,light rain,0.32,0.43
12,Busselton,AU,2020-04-19 18:23:28,-33.65,115.33,55.99,58,97,14.7,overcast clouds,0.0,0.43
13,Ilulissat,GL,2020-04-19 18:22:47,69.22,-51.1,26.6,53,52,20.8,broken clouds,0.0,0.43
14,Zhuhai,CN,2020-04-19 18:26:29,22.28,113.57,77.0,88,40,6.93,scattered clouds,0.0,0.43
15,Rawson,AR,2020-04-19 18:20:52,-43.3,-65.1,65.41,28,91,19.33,overcast clouds,0.0,0.43
16,Hofn,IS,2020-04-19 18:21:46,64.25,-15.21,44.42,85,100,7.54,overcast clouds,0.0,0.43
17,Magaria,NE,2020-04-19 18:26:30,13.0,8.91,83.14,12,49,3.0,scattered clouds,0.0,0.43
18,Tuktoyaktuk,CA,2020-04-19 18:23:02,69.45,-133.04,6.8,84,90,14.99,light snow,0.0,0.43
19,Minab,IR,2020-04-19 18:24:33,27.15,57.08,75.2,83,100,2.24,overcast clouds,0.0,0.43
20,Clyde River,CA,2020-04-19 18:25:24,70.47,-68.59,6.8,65,20,19.46,few clouds,0.0,0.43
21,Mataura,NZ,2020-04-19 18:21:54,-46.19,168.86,44.01,82,93,5.01,light rain,0.54,0.43
22,Bambous Virieux,MU,2020-04-19 18:22:06,-20.34,57.76,77.0,83,75,9.17,broken clouds,0.0,0.43
23,Barrow,US,2020-04-19 18:25:27,71.29,-156.79,10.4,85,90,3.36,light snow,0.0,0.43
24,Mountain Home,US,2020-04-19 18:24:21,43.13,-115.69,60.8,36,1,13.87,clear sky,0.0,0.43
25,Cape Town,ZA,2020-04-19 18:25:04,-33.93,18.42,64.0,93,75,19.46,broken clouds,0.0,0.43
26,Tiksi,RU,2020-04-19 18:25:17,71.69,128.87,10.02,86,86,6.93,overcast clouds,0.0,0.43
27,Hermanus,ZA,2020-04-19 18:24:43,-34.42,19.23,62.01,92,59,13.29,broken clouds,0.0,0.43
28,Albany,US,2020-04-19 18:22:17,42.6,-73.97,64.0,23,1,1.01,clear sky,0.0,0.43
29,Provideniya,RU,2020-04-19 18:22:31,64.38,-173.3,18.32,94,98,15.28,light snow,0.0,0.43
30,Tarakan,ID,2020-04-19 18:25:05,3.3,117.63,77.67,84,81,5.37,broken clouds,0.0,0.43
31,Klaksvik,FO,2020-04-19 18:22:54,62.23,-6.59,46.4,81,0,10.29,clear sky,0.0,0.43
32,Rikitea,PF,2020-04-19 18:24:45,-23.12,-134.97,76.75,70,59,7.87,broken clouds,0.0,0.43
33,Port Lincoln,AU,2020-04-19 18:26:33,-34.73,135.87,63.25,74,100,21.52,light rain,0.13,0.43
34,Punta Arenas,CL,2020-04-19 18:20:38,-53.15,-70.92,44.6,65,40,39.15,scattered clouds,0.0,0.43
35,Traverse City,US,2020-04-19 18:23:15,44.76,-85.62,42.01,55,75,12.75,broken clouds,0.0,0.43
36,Ushuaia,AR,2020-04-19 18:20:19,-54.8,-68.3,44.6,75,40,19.46,scattered clouds,0.0,0.43
37,Saint-Philippe,RE,2020-04-19 18:24:53,-21.36,55.77,77.0,78,14,18.34,light rain,0.24,0.43
38,Kaitangata,NZ,2020-04-19 18:22:32,-46.28,169.85,50.0,52,74,11.01,broken clouds,0.0,0.43
39,Kambove,CD,2020-04-19 18:26:34,-10.88,26.6,62.22,66,8,5.64,light rain,0.48,0.43
40,Usinsk,RU,2020-04-19 18:26:35,65.99,57.53,31.42,98,100,2.06,overcast clouds,0.0,0.43
41,Carnarvon,AU,2020-04-19 18:21:57,-24.87,113.63,73.4,78,38,12.75,scattered clouds,0.0,0.43
42,Pontivy,FR,2020-04-19 18:26:35,48.0,-3.0,57.99,93,75,10.29,light rain,0.0,0.43
43,Thompson,CA,2020-04-19 18:25:33,55.74,-97.86,21.2,79,90,8.05,light snow,0.0,0.43
44,Georgetown,MY,2020-04-19 18:25:33,5.41,100.34,82.4,94,20,3.36,few clouds,0.0,0.43
45,Cayenne,GF,2020-04-19 18:25:36,4.93,-52.33,84.2,74,97,2.24,moderate rain,4.38,0.43
46,Mahebourg,MU,2020-04-19 18:23:47,-20.41,57.7,77.0,83,75,9.17,broken clouds,0.0,0.43
47,Havelock,US,2020-04-19 18:22:02,34.88,-76.9,71.6,60,90,16.11,overcast clouds,0.0,0.43
48,East London,ZA,2020-04-19 18:22:41,-33.02,27.91,77.58,64,8,18.14,clear sky,0.0,0.43
49,Vaini,TO,2020-04-19 18:22:17,-21.2,-175.2,77.0,83,40,9.17,scattered clouds,0.0,0.43
50,Taybad,IR,2020-04-19 18:26:37,34.74,60.78,63.64,33,12,6.67,few clouds,0.0,0.43
51,Constitucion,CL,2020-04-19 18:22:47,-35.33,-72.42,68.11,41,57,17.36,broken clouds,0.0,0.43
52,Chuy,UY,2020-04-19 18:25:59,-33.7,-53.46,72.5,63,0,8.7,clear sky,0.0,0.43
53,Deputatskiy,RU,2020-04-19 18:25:39,69.3,139.9,0.54,86,98,5.55,overcast clouds,0.0,0.43
54,Ola,RU,2020-04-19 18:26:38,59.58,151.28,-1.66,81,0,7.87,clear sky,0.0,0.43
55,Ahtopol,BG,2020-04-19 18:26:38,42.1,27.95,59.0,67,84,4.7,broken clouds,0.0,0.43
56,Padang,ID,2020-04-19 18:25:23,-0.95,100.35,78.48,77,86,3.42,light rain,0.95,0.43
57,Riverton,US,2020-04-19 18:23:51,40.52,-111.94,57.99,66,75,17.22,light rain,0.0,0.43
58,Kodiak,US,2020-04-19 18:22:36,57.79,-152.41,44.6,81,75,5.82,broken clouds,0.0,0.43
59,Snasa,NO,2020-04-19 18:26:39,64.25,12.38,44.6,75,75,6.93,broken clouds,0.0,0.43
60,Zyryanka,RU,2020-04-19 18:25:48,65.75,150.85,-7.58,86,24,8.05,few clouds,0.0,0.43
61,Sorland,NO,2020-04-19 18:26:39,67.67,12.69,42.8,87,75,13.87,broken clouds,0.0,0.43
62,Esperance,AU,2020-04-19 18:22:39,-33.87,121.9,51.8,93,6,6.93,clear sky,0.0,0.43
63,Ponta Do Sol,PT,2020-04-19 18:26:40,32.67,-17.1,66.99,41,24,1.99,few clouds,0.0,0.43
64,Puerto Ayora,EC,2020-04-19 18:21:56,-0.74,-90.35,86.0,70,40,13.87,shower rain,0.0,0.43
65,Kapaa,US,2020-04-19 18:21:52,22.08,-159.32,75.2,83,75,5.82,broken clouds,0.0,0.43
66,Ponta Delgada,PT,2020-04-19 18:26:40,37.73,-25.67,60.8,72,40,32.21,scattered clouds,0.0,0.43
67,Jurado,CO,2020-04-19 18:26:41,7.11,-77.76,83.35,74,74,2.26,moderate rain,3.3,0.43
68,Jamestown,US,2020-04-19 18:25:40,42.1,-79.24,55.4,47,75,20.8,broken clouds,0.0,0.43
69,Quthing,LS,2020-04-19 18:26:41,-30.4,27.7,58.73,36,6,1.16,clear sky,0.0,0.43
70,Raudeberg,NO,2020-04-19 18:26:43,61.99,5.14,48.2,66,0,12.75,clear sky,0.0,0.43
71,Dhidhdhoo,MV,2020-04-19 18:26:43,6.88,73.1,86.79,71,35,8.21,scattered clouds,0.0,0.43
72,Yabrud,SY,2020-04-19 18:26:44,33.97,36.66,66.2,45,62,8.05,broken clouds,0.0,0.43
73,Hilo,US,2020-04-19 18:25:00,19.73,-155.09,75.2,64,1,4.7,clear sky,0.0,0.43
74,San Patricio,MX,2020-04-19 18:26:44,19.22,-104.7,78.8,69,5,11.41,clear sky,0.0,0.43
75,Sitka,US,2020-04-19 18:26:44,57.05,-135.33,42.8,93,90,2.21,mist,0.0,0.43
76,Coihaique,CL,2020-04-19 18:26:45,-45.58,-72.07,44.6,87,90,8.14,light rain,0.0,0.43
77,Abalak,RU,2020-04-19 18:26:45,58.13,68.59,39.6,74,16,4.94,few clouds,0.0,0.43
78,Carutapera,BR,2020-04-19 18:26:45,-1.2,-46.02,83.35,77,92,6.82,light rain,2.61,0.43
79,Mar Del Plata,AR,2020-04-19 18:20:17,-38.0,-57.56,77.0,57,2,16.11,clear sky,0.0,0.43
80,Fatehpur,IN,2020-04-19 18:26:46,25.93,80.8,88.88,17,94,7.54,overcast clouds,0.0,0.43
81,Rorvik,NO,2020-04-19 18:25:56,64.86,11.24,44.6,93,75,4.7,shower rain,0.0,0.43
82,Teruel,ES,2020-04-19 18:26:46,40.67,-0.67,60.8,93,97,2.24,moderate rain,3.98,0.43
83,Yining,CN,2020-04-19 18:22:07,29.04,114.56,55.74,79,1,0.11,clear sky,0.0,0.43
84,Lebu,CL,2020-04-19 18:22:42,-37.62,-73.65,61.47,60,100,8.14,overcast clouds,0.0,0.43
85,Hobart,AU,2020-04-19 18:20:19,-42.88,147.33,50.0,81,40,10.69,scattered clouds,0.0,0.43
86,Qaanaaq,GL,2020-04-19 18:24:52,77.48,-69.36,17.53,89,68,8.03,broken clouds,0.0,0.43
87,Sonoita,MX,2020-04-19 18:26:49,31.85,-112.83,75.0,27,10,4.12,clear sky,0.0,0.43
88,Narsaq,GL,2020-04-19 18:22:08,60.92,-46.05,32.0,87,20,4.7,few clouds,0.0,0.43
89,Muros,ES,2020-04-19 18:22:50,42.78,-9.06,61.0,79,30,1.01,scattered clouds,0.0,0.43
90,Jiayuguan,CN,2020-04-19 18:26:49,39.82,98.3,42.17,25,83,10.85,broken clouds,0.0,0.43
91,Airai,TL,2020-04-19 18:25:30,-8.93,125.41,60.22,61,15,2.1,few clouds,0.0,0.43
92,Hostotipaquillo,MX,2020-04-19 18:26:50,21.07,-104.07,88.0,28,1,5.14,clear sky,0.0,0.43
93,Warora,IN,2020-04-19 18:26:50,20.23,79.0,91.9,24,90,7.2,light rain,0.2,0.43
94,Dayong,CN,2020-04-19 18:26:50,25.02,118.29,71.6,94,75,6.71,mist,0.0,0.43
95,Kiama,AU,2020-04-19 18:22:54,-34.68,150.87,57.2,87,54,5.82,light rain,0.0,0.43
96,Victoria,HK,2020-04-19 18:25:48,22.29,114.16,77.0,83,45,4.0,scattered clouds,0.0,0.43
97,Khatanga,RU,2020-04-19 18:26:51,71.97,102.5,17.4,94,38,4.81,scattered clouds,0.0,0.43
98,West Wendover,US,2020-04-19 18:26:51,40.74,-114.07,53.6,46,90,4.85,overcast clouds,0.0,0.43
99,Paamiut,GL,2020-04-19 18:26:51,61.99,-49.67,30.72,89,44,18.86,scattered clouds,0.0,0.43
100,Hasaki,JP,2020-04-19 18:20:44,35.73,140.83,48.2,87,75,12.75,broken clouds,0.0,0.43
101,Pisco,PE,2020-04-19 18:23:40,-13.7,-76.22,75.2,64,9,9.17,clear sky,0.0,0.43
102,Brae,GB,2020-04-19 18:23:30,60.4,-1.35,50.0,76,0,11.41,clear sky,0.0,0.43
103,Govindgarh,IN,2020-04-19 18:26:52,27.5,76.98,83.53,20,6,7.05,clear sky,0.0,0.43
104,Teguldet,RU,2020-04-19 18:26:53,57.31,88.17,38.95,65,39,9.91,scattered clouds,0.0,0.43
105,Nanortalik,GL,2020-04-19 18:25:30,60.14,-45.24,30.18,89,14,15.79,few clouds,0.0,0.43
106,Grand Forks,US,2020-04-19 18:26:54,47.93,-97.03,42.8,44,75,13.87,broken clouds,0.0,0.43
107,Saint-Francois,FR,2020-04-19 18:26:54,46.42,3.91,61.0,82,100,2.24,light rain,0.0,0.43
108,Severo-Yeniseyskiy,RU,2020-04-19 18:26:55,60.37,93.04,26.1,90,0,6.13,clear sky,0.0,0.43
109,Sioux Lookout,CA,2020-04-19 18:22:35,50.1,-91.92,30.2,30,20,3.36,few clouds,0.0,0.43
110,Zyryanovsk,KZ,2020-04-19 18:26:55,49.74,84.27,42.37,52,0,3.89,clear sky,0.0,0.43
111,La Ligua,CL,2020-04-19 18:26:55,-32.45,-71.23,71.6,68,16,14.99,few clouds,0.0,0.43
112,Waw,SS,2020-04-19 18:26:56,7.7,28.0,86.67,22,91,3.11,overcast clouds,0.0,0.43
113,Port Blair,IN,2020-04-19 18:26:56,11.67,92.75,83.88,76,5,8.19,clear sky,0.0,0.43
114,Cidreira,BR,2020-04-19 18:24:44,-30.18,-50.21,72.5,65,0,14.12,clear sky,0.0,0.43
115,Nsanje,MW,2020-04-19 18:26:56,-16.92,35.26,73.65,76,29,7.94,light rain,0.12,0.43
116,Port Moresby,PG,2020-04-19 18:26:57,-9.44,147.18,75.2,100,40,3.36,scattered clouds,0.0,0.43
117,Salalah,OM,2020-04-19 18:26:57,17.02,54.09,82.4,69,20,6.93,few clouds,0.0,0.43
118,Dzhebariki-Khaya,RU,2020-04-19 18:26:57,62.22,135.8,-2.29,88,0,1.1,clear sky,0.0,0.43
119,Marfino,RU,2020-04-19 18:26:57,55.7,37.38,43.0,73,40,2.24,scattered clouds,0.0,0.43
120,Plettenberg Bay,ZA,2020-04-19 18:26:57,-34.05,23.37,69.1,56,81,4.59,broken clouds,0.0,0.43
121,Norman Wells,CA,2020-04-19 18:26:58,65.28,-126.83,24.8,79,75,14.99,broken clouds,0.0,0.43
122,Columbus,US,2020-04-19 18:24:29,39.96,-83.0,57.99,47,90,11.41,overcast clouds,0.0,0.43
123,Sarande,AL,2020-04-19 18:26:58,39.88,20.01,64.4,72,93,4.7,overcast clouds,0.0,0.43
124,Nichinan,JP,2020-04-19 18:26:59,31.6,131.37,64.4,88,75,17.22,broken clouds,0.0,0.43
125,Puro,PH,2020-04-19 18:26:59,12.48,123.38,81.48,80,95,10.49,overcast clouds,0.0,0.43
126,Eganville,CA,2020-04-19 18:26:59,45.53,-77.1,51.8,53,90,8.05,overcast clouds,0.0,0.43
127,Willowmore,ZA,2020-04-19 18:26:59,-33.29,23.49,75.85,15,89,6.91,overcast clouds,0.0,0.43
128,Saint-Joseph,RE,2020-04-19 18:22:38,-21.37,55.62,77.0,78,17,18.34,light rain,0.19,0.43
129,Saskylakh,RU,2020-04-19 18:21:53,71.92,114.08,15.55,93,0,7.4,clear sky,0.0,0.43
130,Gogrial,SS,2020-04-19 18:27:00,8.53,28.1,90.72,11,100,0.89,overcast clouds,0.0,0.43
131,Bredasdorp,ZA,2020-04-19 18:25:10,-34.53,20.04,61.0,87,4,2.24,clear sky,0.0,0.43
132,Linjiang,CN,2020-04-19 18:27:01,41.81,126.91,44.62,65,100,4.0,light rain,0.12,0.43
133,Moshkovo,RU,2020-04-19 18:26:43,55.31,83.61,44.6,52,94,4.47,overcast clouds,0.0,0.43
134,Singkawang,ID,2020-04-19 18:27:01,0.9,109.0,78.12,85,82,2.95,broken clouds,0.0,0.43
135,Nikolskoye,RU,2020-04-19 18:22:15,59.7,30.79,39.99,86,75,6.71,broken clouds,0.0,0.43
136,Luderitz,NA,2020-04-19 18:22:16,-26.65,15.16,64.4,77,0,8.05,clear sky,0.0,0.43
137,Lasa,IT,2020-04-19 18:27:02,46.62,10.7,55.4,62,75,2.26,broken clouds,0.0,0.43
138,Pahrump,US,2020-04-19 18:27:03,36.21,-115.98,63.99,34,27,7.74,scattered clouds,0.0,0.43
139,Guangyuan,CN,2020-04-19 18:27:03,32.44,105.82,51.01,83,100,3.58,light rain,0.22,0.43
140,Zaraza,VE,2020-04-19 18:27:03,9.35,-65.32,100.29,29,81,2.1,broken clouds,0.0,0.43
141,Longyearbyen,SJ,2020-04-19 18:21:57,78.22,15.64,35.6,69,40,19.46,shower rain,0.0,0.43
142,Aklavik,CA,2020-04-19 18:22:03,68.22,-135.01,19.4,44,75,3.36,broken clouds,0.0,0.43
143,Nazarovo,RU,2020-04-19 18:22:35,56.01,90.39,37.9,64,2,11.88,clear sky,0.0,0.43
144,Husavik,IS,2020-04-19 18:27:04,66.04,-17.34,48.2,70,20,16.11,few clouds,0.0,0.43
145,Faya,SA,2020-04-19 18:27:05,18.39,42.45,66.2,82,98,4.52,light rain,0.43,0.43
146,Phan Thiet,VN,2020-04-19 18:27:05,10.93,108.1,77.32,82,12,4.47,few clouds,0.0,0.43
147,Adrar,MR,2020-04-19 18:27:05,20.5,-10.07,83.43,14,0,10.6,clear sky,0.0,0.43
148,Lorengau,PG,2020-04-19 18:27:05,-2.02,147.27,82.11,78,30,5.06,scattered clouds,0.0,0.43
149,Srikakulam,IN,2020-04-19 18:25:16,18.3,83.9,81.54,66,100,2.39,overcast clouds,0.0,0.43
150,Bethel,US,2020-04-19 18:24:26,41.37,-73.41,60.01,43,1,16.11,clear sky,0.0,0.43
151,Hervey Bay,AU,2020-04-19 18:27:06,-25.3,152.85,68.0,100,40,4.7,scattered clouds,0.0,0.43
152,Halifax,CA,2020-04-19 18:25:43,44.65,-63.57,51.01,21,43,5.99,scattered clouds,0.0,0.43
153,Ekhabi,RU,2020-04-19 18:27:06,53.51,142.97,28.8,98,100,14.36,light snow,0.0,0.8
154,Jalu,LY,2020-04-19 18:22:27,29.03,21.55,76.48,19,9,7.07,clear sky,0.0,0.8
155,Namibe,AO,2020-04-19 18:22:51,-15.2,12.15,76.14,62,2,14.14,light rain,0.21,0.8
156,Islamabad,PK,2020-04-19 18:23:27,33.71,73.13,66.99,88,40,6.93,scattered clouds,0.0,0.8
157,Beohari,IN,2020-04-19 18:27:07,24.05,81.38,83.48,17,98,5.12,overcast clouds,0.0,0.8
158,Meulaboh,ID,2020-04-19 18:27:08,4.14,96.13,80.02,82,90,3.65,light rain,1.55,0.8
159,Stornoway,GB,2020-04-19 18:27:08,58.21,-6.39,55.0,71,0,4.7,clear sky,0.0,0.8
160,Prince George,CA,2020-04-19 18:27:08,53.92,-122.75,53.6,50,1,9.17,clear sky,0.0,0.8
161,Grindavik,IS,2020-04-19 18:25:39,63.84,-22.43,48.2,100,90,28.86,light intensity drizzle,0.0,0.8
162,Juneau,US,2020-04-19 18:27:09,58.3,-134.42,48.2,66,40,1.36,scattered clouds,0.0,0.8
163,Castro,BR,2020-04-19 18:24:42,-24.79,-50.01,73.99,34,2,2.82,clear sky,0.0,0.8
164,Bokino,RU,2020-04-19 18:27:09,52.64,41.46,42.04,65,98,3.06,light rain,0.12,0.8
165,Coquimbo,CL,2020-04-19 18:25:54,-29.95,-71.34,62.6,82,75,12.75,broken clouds,0.0,0.8
166,Saldanha,ZA,2020-04-19 18:22:15,-33.01,17.94,60.8,82,0,12.75,clear sky,0.0,0.8
167,Kahului,US,2020-04-19 18:24:56,20.89,-156.47,73.4,69,20,5.5,few clouds,0.0,0.8
168,Vana-Vigala,EE,2020-04-19 18:27:10,58.78,24.25,41.0,63,60,5.99,broken clouds,0.0,0.8
169,Mehamn,NO,2020-04-19 18:27:10,71.04,27.85,39.2,86,75,28.86,shower rain,0.0,0.8
170,Yulara,AU,2020-04-19 18:22:21,-25.24,130.99,80.6,30,40,2.24,scattered clouds,0.0,0.8
171,Angoram,PG,2020-04-19 18:27:11,-4.06,144.07,76.1,92,65,2.35,light rain,0.44,0.8
172,Komsomolskiy,UZ,2020-04-19 18:27:11,40.43,71.72,62.6,33,3,6.93,clear sky,0.0,0.8
173,Khash,IR,2020-04-19 18:27:11,28.22,61.22,67.86,31,95,3.83,overcast clouds,0.0,0.8
174,New Norfolk,AU,2020-04-19 18:22:05,-42.78,147.06,48.0,84,100,4.12,overcast clouds,0.0,0.8
175,La Palma,US,2020-04-19 18:27:12,33.85,-118.05,64.99,63,90,4.7,overcast clouds,0.0,0.8
176,Flin Flon,CA,2020-04-19 18:22:34,54.77,-101.86,41.0,52,75,24.16,light shower snow,0.0,0.8
177,Mesaria,GR,2020-04-19 18:27:12,36.4,25.45,60.8,55,20,5.82,few clouds,0.0,0.8
178,Alugan,PH,2020-04-19 18:27:14,12.22,125.48,81.54,84,41,13.18,light rain,0.29,0.8
179,Comodoro Rivadavia,AR,2020-04-19 18:24:39,-45.87,-67.5,62.6,29,20,28.86,few clouds,0.0,0.8
180,Ribeira Grande,PT,2020-04-19 18:20:36,38.52,-28.7,60.8,55,20,20.8,few clouds,0.0,0.8
181,Charlottesville,US,2020-04-19 18:27:14,38.03,-78.48,66.0,36,1,16.11,clear sky,0.0,0.8
182,Isugod,PH,2020-04-19 18:27:15,9.34,118.12,81.23,76,21,2.51,few clouds,0.0,0.8
183,Rapid Valley,US,2020-04-19 18:27:15,44.06,-103.15,37.99,86,90,8.05,light rain,0.0,0.8
184,Belmonte,BR,2020-04-19 18:27:15,-15.86,-38.88,73.4,94,75,9.17,light rain,0.0,0.8
185,San Cristobal,VE,2020-04-19 18:25:43,7.77,-72.22,93.2,38,40,5.82,smoke,0.0,0.8
186,Sisimiut,GL,2020-04-19 18:22:43,66.94,-53.67,26.28,97,98,32.21,snow,0.0,4.58
187,Hami,CN,2020-04-19 18:22:43,42.8,93.45,61.9,18,99,17.94,overcast clouds,0.0,4.58
188,Sept-Iles,CA,2020-04-19 18:23:02,50.2,-66.38,35.01,69,75,17.22,broken clouds,0.0,4.58
189,Nokaneng,BW,2020-04-19 18:22:39,-19.67,22.27,76.91,28,85,8.01,overcast clouds,0.0,4.58
190,Geraldton,AU,2020-04-19 18:20:31,-28.77,114.6,57.2,87,35,8.05,scattered clouds,0.0,4.58
191,Lata,PT,2020-04-19 18:27:18,40.16,-8.33,61.0,70,9,8.01,clear sky,0.0,4.58
192,Vikhorevka,RU,2020-04-19 18:27:18,56.12,101.16,24.8,35,0,4.47,clear sky,0.0,4.58
193,Ahipara,NZ,2020-04-19 18:25:01,-35.17,173.17,60.31,86,100,5.93,light rain,1.34,4.58
194,Laguna,US,2020-04-19 18:23:35,38.42,-121.42,63.0,59,75,8.05,broken clouds,0.0,4.58
195,Ahero,KE,2020-04-19 18:27:19,-0.17,34.92,68.05,60,66,1.23,light rain,2.98,4.58
196,Tsaratanana,MG,2020-04-19 18:27:19,-16.78,47.65,75.9,58,70,10.78,broken clouds,0.0,4.58
197,Filingue,NE,2020-04-19 18:27:19,14.35,3.32,95.59,13,78,2.86,broken clouds,0.0,4.58
198,Chongwe,ZM,2020-04-19 18:27:20,-15.33,28.68,66.2,68,32,3.36,scattered clouds,0.0,4.58
199,Alihe,CN,2020-04-19 18:27:20,50.57,123.72,25.81,81,100,11.36,overcast clouds,0.0,4.58
200,Amga,RU,2020-04-19 18:27:20,60.9,131.96,6.22,91,20,2.68,few clouds,0.0,4.58
201,Estevan,CA,2020-04-19 18:27:20,49.13,-102.98,50.0,34,1,21.92,clear sky,0.0,4.58
202,Gao,ML,2020-04-19 18:25:40,16.64,1.64,96.48,10,29,4.38,scattered clouds,0.0,4.58
203,Kontagora,NG,2020-04-19 18:27:21,10.4,5.47,95.22,26,60,4.94,broken clouds,0.0,4.58
204,Fortuna,US,2020-04-19 18:21:07,40.6,-124.16,57.99,71,75,4.54,broken clouds,0.0,4.58
205,Kampot,KH,2020-04-19 18:27:21,10.62,104.18,81.86,79,80,4.25,light rain,0.12,4.58
206,Dogondoutchi,NE,2020-04-19 18:27:22,13.64,4.03,97.59,14,86,5.06,overcast clouds,0.0,4.58
207,Tiznit,MA,2020-04-19 18:27:22,29.58,-9.5,58.03,64,81,19.37,light rain,0.17,4.58
208,General Cepeda,MX,2020-04-19 18:27:23,25.38,-101.45,80.6,39,75,6.93,broken clouds,0.0,4.58
209,Concepcion,CL,2020-04-19 18:27:23,-36.83,-73.05,68.0,49,97,13.87,overcast clouds,0.0,4.58
210,Rafai,CF,2020-04-19 18:27:23,4.95,23.92,77.9,56,94,4.45,light rain,0.22,4.58
211,Kutum,SD,2020-04-19 18:27:23,14.2,24.67,77.22,11,36,12.82,scattered clouds,0.0,4.58
212,Kenai,US,2020-04-19 18:27:24,60.55,-151.26,42.8,93,90,2.89,overcast clouds,0.0,4.58
213,Half Moon Bay,US,2020-04-19 18:27:24,37.46,-122.43,62.01,76,90,5.82,overcast clouds,0.0,4.58
214,Arzgir,RU,2020-04-19 18:27:24,45.37,44.22,54.05,77,69,3.42,light rain,1.69,4.58
215,Cockburn Town,TC,2020-04-19 18:27:25,21.46,-71.14,78.55,79,16,14.18,few clouds,0.0,4.58
216,Rio Gallegos,AR,2020-04-19 18:27:25,-51.62,-69.22,50.0,66,75,38.03,broken clouds,0.0,4.58
217,Marawi,PH,2020-04-19 18:27:25,8.0,124.29,67.96,73,80,2.46,broken clouds,0.0,4.58
218,Sovetskiy,RU,2020-04-19 18:27:26,61.36,63.58,36.77,80,25,7.18,scattered clouds,0.0,4.58
219,Hobyo,SO,2020-04-19 18:20:53,5.35,48.53,85.42,70,91,11.36,overcast clouds,0.0,4.58
220,Bunia,CD,2020-04-19 18:27:26,1.57,30.25,64.56,68,89,2.26,light rain,0.74,4.58
221,Visby,SE,2020-04-19 18:27:26,57.64,18.3,44.01,60,0,2.24,clear sky,0.0,4.58
222,Panjab,AF,2020-04-19 18:27:27,34.39,67.02,34.25,32,100,1.99,light snow,0.0,0.57
223,Nelson Bay,AU,2020-04-19 18:24:48,-32.72,152.15,55.99,93,14,6.93,few clouds,0.0,0.57
224,Gigmoto,PH,2020-04-19 18:27:27,13.78,124.39,81.43,80,84,11.23,broken clouds,0.0,0.57
225,Dingle,PH,2020-04-19 18:23:28,11.0,122.67,80.31,80,90,7.54,overcast clouds,0.0,0.57
226,Popondetta,PG,2020-04-19 18:27:28,-8.75,148.25,76.08,81,28,3.38,light rain,0.14,0.57
227,Alofi,NU,2020-04-19 18:27:28,-19.06,-169.92,75.2,94,32,2.24,scattered clouds,0.0,0.57
228,Itoman,JP,2020-04-19 18:27:28,26.12,127.67,75.2,88,75,17.22,broken clouds,0.0,0.57
229,Cherskiy,RU,2020-04-19 18:25:27,68.75,161.3,-0.9,93,99,6.55,overcast clouds,0.0,0.57
230,Ust-Barguzin,RU,2020-04-19 18:27:29,53.45,108.98,20.68,86,41,4.74,scattered clouds,0.0,0.57
231,Havre-Saint-Pierre,CA,2020-04-19 18:24:02,50.23,-63.6,35.6,51,1,17.22,clear sky,0.0,0.57
232,Vila Franca Do Campo,PT,2020-04-19 18:24:24,37.72,-25.43,60.8,72,40,32.21,scattered clouds,0.0,0.57
233,Kanturk,IE,2020-04-19 18:27:30,52.17,-8.9,54.0,93,90,9.17,overcast clouds,0.0,0.57
234,Kruisfontein,ZA,2020-04-19 18:25:25,-34.0,24.73,75.02,40,31,8.19,scattered clouds,0.0,0.57
235,Chokurdakh,RU,2020-04-19 18:25:23,70.63,147.92,6.24,95,100,9.69,overcast clouds,0.0,0.57
236,Vila Velha,BR,2020-04-19 18:25:50,-20.33,-40.29,79.0,65,40,14.99,scattered clouds,0.0,0.57
237,Poum,NC,2020-04-19 18:27:32,-20.23,164.02,79.3,80,70,11.95,moderate rain,3.05,0.57
238,Pakxe,LA,2020-04-19 18:27:32,15.12,105.78,81.1,67,28,3.42,scattered clouds,0.0,0.57
239,Avarua,CK,2020-04-19 18:20:29,-21.21,-159.78,80.6,74,13,4.7,few clouds,0.0,0.57
240,Quatre Cocos,MU,2020-04-19 18:27:32,-20.21,57.76,77.0,83,75,9.17,broken clouds,0.0,0.57
241,Dunedin,NZ,2020-04-19 18:23:08,-45.87,170.5,52.0,57,33,11.5,scattered clouds,0.0,0.57
242,Rio Tinto,PT,2020-04-19 18:25:38,41.18,-8.56,63.0,77,40,9.17,scattered clouds,0.0,0.57
243,Solnechnyy,RU,2020-04-19 18:25:42,50.72,136.63,36.54,72,100,2.35,overcast clouds,0.0,0.57
244,Pendleton,US,2020-04-19 18:27:33,45.67,-118.79,60.8,41,40,10.29,scattered clouds,0.0,0.57
245,Berlevag,NO,2020-04-19 18:27:34,70.86,29.09,33.8,90,75,11.41,broken clouds,0.0,0.57
246,Fukue,JP,2020-04-19 18:27:34,32.69,128.84,62.02,84,89,27.29,overcast clouds,0.0,0.57
247,Pandan,PH,2020-04-19 18:27:34,14.05,124.17,80.98,79,82,10.69,broken clouds,0.0,0.57
248,Bokoro,TD,2020-04-19 18:27:35,12.38,17.06,92.46,9,27,8.66,scattered clouds,0.0,0.57
249,Caravelas,BR,2020-04-19 18:22:45,-17.71,-39.25,77.41,76,74,19.39,light rain,0.18,0.57
250,Sokoto,NG,2020-04-19 18:27:35,13.06,5.24,95.0,16,84,0.76,broken clouds,0.0,0.57
251,Never,FR,2020-04-19 18:27:35,46.99,3.16,64.4,77,90,4.7,overcast clouds,0.0,0.57
252,Tilik,PH,2020-04-19 18:27:36,13.81,120.2,82.45,76,89,9.28,overcast clouds,0.0,0.57
253,Tuatapere,NZ,2020-04-19 18:23:51,-46.13,167.68,44.01,82,88,5.01,light rain,0.26,0.57
254,Sterlibashevo,RU,2020-04-19 18:27:36,53.44,55.26,41.7,60,100,1.7,overcast clouds,0.0,0.57
255,Port Elizabeth,ZA,2020-04-19 18:20:46,-33.92,25.57,71.6,73,2,9.57,clear sky,0.0,0.57
256,Benjamin Aceval,PY,2020-04-19 18:27:37,-24.97,-57.57,89.6,43,0,9.17,clear sky,0.0,0.57
257,General Roca,AR,2020-04-19 18:27:37,-39.03,-67.58,75.2,23,81,3.36,broken clouds,0.0,0.57
258,Dawei,MM,2020-04-19 18:27:38,14.08,98.2,77.52,77,36,4.47,light rain,2.17,0.57
259,Vardo,NO,2020-04-19 18:25:54,70.37,31.11,35.6,93,75,14.99,broken clouds,0.0,0.57
260,Tupik,RU,2020-04-19 18:27:38,54.43,119.93,12.45,81,98,11.48,overcast clouds,0.0,0.57
261,Wattegama,LK,2020-04-19 18:27:38,6.8,81.48,77.5,85,97,0.96,overcast clouds,0.0,0.57
262,Peniche,PT,2020-04-19 18:27:39,39.36,-9.38,60.01,76,7,8.01,clear sky,0.0,0.57
263,Aitape,PG,2020-04-19 18:27:39,-3.14,142.35,79.66,82,33,2.08,light rain,0.25,0.57
264,Shenzhen,CN,2020-04-19 18:27:39,22.55,114.07,77.0,97,58,1.01,broken clouds,0.0,0.57
265,Bilibino,RU,2020-04-19 18:27:39,68.05,166.44,-3.08,77,99,0.81,overcast clouds,0.0,0.57
266,Karlskrona,SE,2020-04-19 18:23:50,56.16,15.59,46.4,45,0,8.05,clear sky,0.0,0.57
267,Ambikapur,IN,2020-04-19 18:25:03,23.12,83.2,81.36,23,65,3.11,broken clouds,0.0,0.57
268,Pevek,RU,2020-04-19 18:24:49,69.7,170.31,4.23,94,100,5.55,light snow,0.0,0.2
269,Nauta,PE,2020-04-19 18:27:40,-4.51,-73.58,90.14,44,52,3.83,broken clouds,0.0,0.2
270,Lejanias,CO,2020-04-19 18:27:41,3.53,-74.02,79.34,58,72,3.4,moderate rain,4.1,0.2
271,Hithadhoo,MV,2020-04-19 18:25:33,-0.6,73.08,85.21,74,36,11.39,scattered clouds,0.0,0.2
272,Ko Samui,TH,2020-04-19 18:27:41,9.54,99.94,84.25,74,5,12.33,clear sky,0.0,0.2
273,Petropavlovsk-Kamchatskiy,RU,2020-04-19 18:25:21,53.05,158.65,23.0,45,29,6.71,scattered clouds,0.0,0.2
274,Port-Cartier,CA,2020-04-19 18:27:42,50.03,-66.87,36.0,69,75,17.22,broken clouds,0.0,0.2
275,Port Hardy,CA,2020-04-19 18:27:42,50.7,-127.42,48.2,93,90,4.7,overcast clouds,0.0,0.2
276,Katsuura,JP,2020-04-19 18:24:50,35.13,140.3,51.01,79,98,1.01,overcast clouds,0.0,0.2
277,Bilma,NE,2020-04-19 18:27:42,18.69,12.92,90.0,10,9,3.53,clear sky,0.0,0.2
278,Canavieiras,BR,2020-04-19 18:27:43,-15.68,-38.95,79.23,83,84,9.95,light rain,0.91,0.2
279,Manali,IN,2020-04-19 18:27:43,13.17,80.27,86.0,79,20,6.93,few clouds,0.0,0.2
280,Jacareacanga,BR,2020-04-19 18:23:28,-6.22,-57.75,76.73,86,100,1.88,light rain,1.03,0.2
281,Syasstroy,RU,2020-04-19 18:27:43,60.14,32.57,34.54,88,27,7.16,scattered clouds,0.0,0.2
282,Talaya,RU,2020-04-19 18:27:43,61.38,152.75,-5.24,82,100,2.84,light snow,0.0,0.21
283,Lano,NG,2020-04-19 18:27:44,10.17,11.47,97.83,10,31,6.67,scattered clouds,0.0,0.21
284,Padrauna,IN,2020-04-19 18:27:44,26.9,83.98,81.34,34,89,10.36,overcast clouds,0.0,0.21
285,Stromness,GB,2020-04-19 18:27:44,58.97,-3.3,46.4,75,0,18.34,clear sky,0.0,0.21
286,Isangel,VU,2020-04-19 18:27:44,-19.55,169.27,78.89,84,100,16.4,light rain,1.16,0.21
287,Nabire,ID,2020-04-19 18:23:46,-3.37,135.48,76.62,80,40,2.84,scattered clouds,0.0,0.21
288,Anadyr,RU,2020-04-19 18:27:45,64.75,177.48,15.8,85,40,4.47,light snow,0.0,0.21
289,Balikpapan,ID,2020-04-19 18:27:45,-1.27,116.83,76.32,86,95,4.94,light rain,2.27,0.21
290,Kudat,MY,2020-04-19 18:27:45,6.88,116.85,82.4,88,75,3.36,broken clouds,0.0,0.21
291,Hovd,MN,2020-04-19 18:27:45,48.01,91.64,38.55,33,0,1.5,clear sky,0.0,0.21
292,Lumphat,KH,2020-04-19 18:27:45,13.49,106.98,75.34,82,99,2.17,light rain,2.07,0.21
293,Kushima,JP,2020-04-19 18:25:57,31.46,131.23,64.4,88,75,17.22,broken clouds,0.0,0.21
294,Kulhudhuffushi,MV,2020-04-19 18:27:46,6.62,73.07,86.58,72,39,8.16,scattered clouds,0.0,0.21
295,Los Llanos De Aridane,ES,2020-04-19 18:27:46,28.66,-17.92,68.0,68,40,14.99,scattered clouds,0.0,0.21
296,Mercedes,AR,2020-04-19 18:27:46,-34.65,-59.43,82.99,48,2,4.0,clear sky,0.0,0.21
297,Saint Stephen,GB,2020-04-19 18:27:47,50.33,-4.9,57.2,71,68,5.82,light rain,0.21,0.21
298,Batagay,RU,2020-04-19 18:25:55,67.63,134.63,0.57,85,85,4.03,overcast clouds,0.0,0.21
299,Bathsheba,BB,2020-04-19 18:27:47,13.22,-59.52,86.0,58,20,19.46,few clouds,0.0,0.21
300,Varnavino,RU,2020-04-19 18:27:47,57.4,45.09,38.26,72,100,2.53,overcast clouds,0.0,0.21
301,Changping,CN,2020-04-19 18:27:48,40.22,116.22,60.01,30,1,29.08,clear sky,0.0,0.21
302,Teya,RU,2020-04-19 18:27:48,60.38,92.63,28.78,91,7,4.47,clear sky,0.0,0.21
303,Shimoda,JP,2020-04-19 18:25:01,34.67,138.95,52.0,90,100,3.0,overcast clouds,0.0,0.21
304,Port-Gentil,GA,2020-04-19 18:27:48,-0.72,8.78,84.2,83,75,4.7,broken clouds,0.0,0.21
305,Harwich,GB,2020-04-19 18:27:48,51.94,1.28,51.01,73,0,4.0,clear sky,0.0,0.21
306,Nouadhibou,MR,2020-04-19 18:27:49,20.93,-17.03,69.8,68,0,23.04,sand,0.0,0.21
307,Mogadishu,SO,2020-04-19 18:27:49,2.04,45.34,84.88,70,99,9.28,overcast clouds,0.0,0.21
308,Touros,BR,2020-04-19 18:24:59,-5.2,-35.46,86.0,70,40,16.11,scattered clouds,0.0,0.21
309,Sao Filipe,CV,2020-04-19 18:25:07,14.9,-24.5,72.03,74,13,23.78,few clouds,0.0,0.21
310,Oxford,GB,2020-04-19 18:27:50,51.75,-1.26,59.0,74,0,13.87,clear sky,0.0,0.21
311,Shache,CN,2020-04-19 18:27:51,38.42,77.24,58.44,41,88,7.54,overcast clouds,0.0,0.21
312,Mumford,GH,2020-04-19 18:27:51,5.26,-0.76,84.27,73,99,13.8,light rain,0.61,0.21
313,Santa Rosa,PH,2020-04-19 18:27:51,14.31,121.11,84.2,66,40,6.93,scattered clouds,0.0,0.21
314,Derzhavinsk,KZ,2020-04-19 18:27:51,51.1,66.32,55.87,59,93,4.76,overcast clouds,0.0,0.21
315,Maryborough,AU,2020-04-19 18:27:52,-25.53,152.7,66.99,91,10,4.0,clear sky,0.0,0.21
316,Kamenskiy,RU,2020-04-19 18:27:52,50.89,45.49,43.75,56,100,5.35,overcast clouds,0.0,0.21
317,Kedrovyy,RU,2020-04-19 18:27:52,56.17,91.82,32.0,68,0,4.47,clear sky,0.0,0.21
318,Karratha,AU,2020-04-19 18:27:52,-20.74,116.85,84.04,55,99,3.22,overcast clouds,0.0,0.21
319,Birao,CF,2020-04-19 18:27:52,10.28,22.79,87.19,11,94,1.52,overcast clouds,0.0,0.21
320,Waihi Beach,NZ,2020-04-19 18:27:53,-37.4,175.93,62.01,85,98,4.76,light rain,0.0,0.21
321,Kurilsk,RU,2020-04-19 18:25:38,45.23,147.88,35.15,84,0,8.7,clear sky,0.0,0.21
322,Boende,CD,2020-04-19 18:27:53,-0.22,20.87,73.62,86,97,2.57,light rain,2.89,0.21
323,Aquiraz,BR,2020-04-19 18:27:54,-3.9,-38.39,87.8,62,40,8.05,shower rain,0.0,0.21
324,La Ronge,CA,2020-04-19 18:27:54,55.1,-105.28,41.0,44,75,20.8,broken clouds,0.0,0.21
325,Dehloran,IR,2020-04-19 18:27:55,32.69,47.27,77.56,32,12,3.78,few clouds,0.0,0.21
326,Portland,US,2020-04-19 18:26:43,45.52,-122.68,57.99,62,75,6.93,broken clouds,0.0,0.21
327,Oranjemund,NA,2020-04-19 18:27:55,-28.55,16.43,61.5,87,0,1.81,clear sky,0.0,0.21
328,Alta Floresta,BR,2020-04-19 18:27:55,-9.88,-56.09,89.6,66,75,6.93,broken clouds,0.0,0.21
329,Verkhoyansk,RU,2020-04-19 18:27:55,67.54,133.38,1.89,85,84,4.36,broken clouds,0.0,0.21
330,Prince Rupert,CA,2020-04-19 18:23:23,54.32,-130.32,44.6,100,90,4.7,overcast clouds,0.0,0.21
331,Shingu,JP,2020-04-19 18:27:56,33.73,135.98,56.88,84,100,13.15,light rain,1.76,0.21
332,Fenelon Falls,CA,2020-04-19 18:27:56,44.53,-78.75,46.99,87,90,8.05,overcast clouds,0.0,0.21
333,Sorong,ID,2020-04-19 18:27:56,-0.88,131.25,76.8,88,96,0.58,light rain,0.15,0.21
334,Tete,MZ,2020-04-19 18:27:57,-16.16,33.59,80.6,51,27,9.17,scattered clouds,0.0,0.21
335,Lavrentiya,RU,2020-04-19 18:27:57,65.58,-171.0,16.23,91,100,6.91,overcast clouds,0.0,0.21
336,Borogontsy,RU,2020-04-19 18:27:57,62.67,131.17,3.61,88,20,2.66,few clouds,0.0,0.21
337,Rio Grande,BR,2020-04-19 18:24:32,-32.03,-52.1,80.6,57,20,14.99,few clouds,0.0,0.21
338,Kieta,PG,2020-04-19 18:27:58,-6.22,155.63,79.72,77,100,3.89,light rain,1.84,0.21
339,Angoche,MZ,2020-04-19 18:27:58,-16.23,39.91,76.32,87,19,8.63,light rain,0.18,0.21
340,Chumikan,RU,2020-04-19 18:23:06,54.72,135.31,21.22,94,100,9.78,snow,0.0,2.05
341,Westport,US,2020-04-19 18:27:58,41.14,-73.36,59.0,44,1,18.34,clear sky,0.0,2.05
342,Kenitra,MA,2020-04-19 18:24:40,34.26,-6.58,64.99,63,75,13.87,broken clouds,0.0,2.05
343,Hamilton,US,2020-04-19 18:26:37,39.18,-84.53,55.4,66,40,6.93,scattered clouds,0.0,2.05
344,Arraial Do Cabo,BR,2020-04-19 18:22:13,-22.97,-42.03,78.8,65,40,10.29,scattered clouds,0.0,2.05
345,Huarmey,PE,2020-04-19 18:27:59,-10.07,-78.15,80.08,57,7,10.69,clear sky,0.0,2.05
346,Votorantim,BR,2020-04-19 18:27:59,-23.55,-47.44,80.01,41,40,5.82,scattered clouds,0.0,2.05
347,Alyangula,AU,2020-04-19 18:24:41,-13.85,136.42,75.2,100,0,4.54,light rain,0.16,2.05
348,Torbay,CA,2020-04-19 18:28:00,47.67,-52.73,33.01,96,90,32.21,snow,0.0,2.05
349,Champerico,GT,2020-04-19 18:28:00,14.3,-91.92,89.6,55,75,6.93,haze,0.0,2.05
350,Shiraz,IR,2020-04-19 18:28:00,29.6,52.54,64.4,52,75,4.7,broken clouds,0.0,2.05
351,Obihiro,JP,2020-04-19 18:28:00,42.92,143.2,34.39,86,53,1.41,broken clouds,0.0,2.05
352,Mana,GF,2020-04-19 18:28:01,5.66,-53.78,81.39,82,84,10.2,moderate rain,4.42,2.05
353,Okha,RU,2020-04-19 18:28:01,53.57,142.95,28.71,98,100,14.81,light snow,0.0,1.16
354,Guerrero Negro,MX,2020-04-19 18:28:01,27.98,-114.06,65.89,60,63,15.1,broken clouds,0.0,1.16
355,Ambalema,CO,2020-04-19 18:28:01,4.78,-74.76,84.2,66,40,8.05,scattered clouds,0.0,1.16
356,Lompoc,US,2020-04-19 18:25:21,34.64,-120.46,62.6,59,75,5.82,broken clouds,0.0,1.16
357,Mingguang,CN,2020-04-19 18:28:02,32.78,117.96,53.1,82,98,6.17,overcast clouds,0.0,1.16
358,Sao Pedro Da Aldeia,BR,2020-04-19 18:28:02,-22.84,-42.1,78.8,78,40,8.05,scattered clouds,0.0,1.16
359,Sechelt,CA,2020-04-19 18:28:02,49.47,-123.77,50.95,85,97,6.24,light rain,0.42,1.16
360,Great Yarmouth,GB,2020-04-19 18:28:02,52.61,1.73,50.0,81,0,11.99,clear sky,0.0,1.16
361,Itaueira,BR,2020-04-19 18:28:02,-7.6,-43.03,83.35,70,35,6.35,light rain,1.12,1.16
362,Marystown,CA,2020-04-19 18:28:03,47.17,-55.15,35.44,93,100,38.59,moderate rain,10.14,1.16
363,Santiago,CL,2020-04-19 18:27:03,-33.46,-70.65,84.0,30,0,5.82,clear sky,0.0,1.16
364,Alibag,IN,2020-04-19 18:28:03,18.64,72.88,87.8,70,3,3.78,haze,0.0,1.16
365,Manoharpur,IN,2020-04-19 18:28:03,27.3,75.95,86.0,22,40,4.7,haze,0.0,1.16
366,Lagunas,PE,2020-04-19 18:28:04,-5.23,-75.68,91.02,35,0,4.38,clear sky,0.0,1.16
367,Manuk Mangkaw,PH,2020-04-19 18:28:04,4.8,119.85,83.7,73,34,4.38,light rain,0.21,1.16
368,Cabedelo,BR,2020-04-19 18:28:07,-6.98,-34.83,84.2,79,20,11.41,few clouds,0.0,1.16
369,Gualaquiza,EC,2020-04-19 18:28:07,-3.4,-78.55,81.66,28,76,1.32,broken clouds,0.0,1.16
370,Kloulklubed,PW,2020-04-19 18:28:08,7.04,134.26,78.8,94,75,3.36,broken clouds,0.0,1.16
371,Chihuahua,MX,2020-04-19 18:28:08,28.5,-106.0,77.0,20,40,14.94,scattered clouds,0.0,1.16
372,Camacha,PT,2020-04-19 18:28:08,33.08,-16.33,64.4,63,20,8.05,few clouds,0.0,1.16
373,Xining,CN,2020-04-19 18:28:08,36.62,101.77,42.75,25,99,6.91,overcast clouds,0.0,1.16
374,Faanui,PF,2020-04-19 18:28:09,-16.48,-151.75,82.6,78,68,14.05,broken clouds,0.0,1.16
375,Bud,US,2020-04-19 18:28:09,39.45,-86.18,55.99,58,90,4.7,overcast clouds,0.0,1.16
376,Tupiza,BO,2020-04-19 18:28:09,-21.45,-65.72,65.77,9,17,1.68,few clouds,0.0,1.16
377,Ontario,US,2020-04-19 18:26:12,34.06,-117.65,63.0,67,90,6.93,overcast clouds,0.0,1.16
378,Athens,GR,2020-04-19 18:27:35,37.98,23.72,66.99,48,100,2.89,overcast clouds,0.0,1.16
379,Narino,CO,2020-04-19 18:28:10,5.61,-75.18,71.6,60,40,6.93,shower rain,0.0,1.16
380,Aldan,RU,2020-04-19 18:28:10,58.6,125.39,6.93,88,100,4.21,light snow,0.0,0.19
381,Acapulco,MX,2020-04-19 18:24:37,16.86,-99.89,84.2,70,20,5.82,few clouds,0.0,0.19
382,Ciocarlia,RO,2020-04-19 18:28:11,44.1,28.28,52.0,93,75,11.41,mist,0.0,0.19
383,Yueyang,CN,2020-04-19 18:28:11,29.33,113.09,58.82,69,10,2.55,clear sky,0.0,0.19
384,Wageningen,NL,2020-04-19 18:28:11,51.97,5.67,61.0,30,2,13.87,clear sky,0.0,0.19
385,Noumea,NC,2020-04-19 18:28:11,-22.28,166.46,79.0,100,90,5.82,light rain,0.0,0.19
386,Sol-Iletsk,RU,2020-04-19 18:28:12,51.16,54.99,48.51,60,100,6.29,overcast clouds,0.0,0.19
387,Rehoboth,NA,2020-04-19 18:28:12,-23.32,17.08,76.32,20,65,6.2,broken clouds,0.0,0.19
388,Te Anau,NZ,2020-04-19 18:28:12,-45.42,167.72,45.82,65,87,8.3,light rain,0.18,0.19
389,Uberaba,BR,2020-04-19 18:28:12,-19.75,-47.93,77.0,65,75,4.7,broken clouds,0.0,0.19
390,Yerbogachen,RU,2020-04-19 18:25:33,61.28,108.01,15.66,91,0,2.62,clear sky,0.0,0.19
391,Pacific Grove,US,2020-04-19 18:23:37,36.62,-121.92,60.8,59,75,5.82,broken clouds,0.0,0.19
392,Henties Bay,NA,2020-04-19 18:25:34,-22.12,14.28,57.99,93,1,1.99,clear sky,0.0,0.19
393,Ambon,ID,2020-04-19 18:28:13,-3.7,128.18,83.41,71,86,3.58,light rain,1.09,0.19
394,Deniliquin,AU,2020-04-19 18:25:28,-35.53,144.97,57.0,65,100,13.0,overcast clouds,0.0,0.19
395,Hualmay,PE,2020-04-19 18:28:13,-11.1,-77.61,76.95,62,19,9.28,few clouds,0.0,0.19
396,Malakal,SS,2020-04-19 18:28:14,9.53,31.66,90.43,11,98,3.49,overcast clouds,0.0,0.19
397,Swift Current,CA,2020-04-19 18:28:14,50.28,-107.8,48.2,45,1,21.92,clear sky,0.0,0.19
398,Road Town,VG,2020-04-19 18:28:14,18.42,-64.62,84.2,66,20,11.41,few clouds,0.0,0.19
399,Taltal,CL,2020-04-19 18:28:14,-25.4,-70.48,70.11,57,7,5.53,clear sky,0.0,0.19
400,Rayachoti,IN,2020-04-19 18:28:14,14.05,78.75,78.85,61,51,5.57,broken clouds,0.0,0.19
401,Gboko,NG,2020-04-19 18:28:15,7.32,9.0,88.79,50,99,13.42,overcast clouds,0.0,0.19
402,San Luis,AR,2020-04-19 18:28:15,-33.3,-66.34,79.81,26,0,5.57,clear sky,0.0,0.19
403,Gdov,RU,2020-04-19 18:28:15,58.74,27.81,35.38,83,54,6.02,broken clouds,0.0,0.19
404,Inuvik,CA,2020-04-19 18:28:15,68.35,-133.72,15.8,56,90,5.82,overcast clouds,0.0,0.19
405,Stepnyak,KZ,2020-04-19 18:28:16,52.83,70.78,53.47,59,63,1.97,broken clouds,0.0,0.19
406,Beyla,GN,2020-04-19 18:28:16,8.68,-8.63,80.98,55,85,1.77,light rain,0.74,0.19
407,Mastic Beach,US,2020-04-19 18:28:16,40.77,-72.85,55.99,47,1,16.11,clear sky,0.0,0.19
408,Jiazi,CN,2020-04-19 18:28:16,22.88,116.07,74.89,83,62,5.73,broken clouds,0.0,0.19
409,Stropkov,SK,2020-04-19 18:24:37,49.2,21.65,46.0,31,93,8.79,overcast clouds,0.0,0.19
410,Suzhou,CN,2020-04-19 18:28:18,31.31,120.62,57.99,89,90,5.88,overcast clouds,0.0,0.19
411,Creel,MX,2020-04-19 18:28:18,27.75,-107.63,62.51,12,64,14.18,broken clouds,0.0,0.19
412,Broome,US,2020-04-19 18:28:18,42.25,-75.83,57.99,46,1,10.29,clear sky,0.0,0.19
413,Raduzhnyy,RU,2020-04-19 18:28:18,62.1,77.47,43.74,94,100,5.12,moderate rain,8.19,0.19
414,Sicamous,CA,2020-04-19 18:28:18,50.83,-118.99,45.0,88,79,1.48,broken clouds,0.0,0.19
415,Shenjiamen,CN,2020-04-19 18:28:20,29.96,122.3,57.83,80,72,14.56,broken clouds,0.0,0.19
416,San Vicente,AR,2020-04-19 18:28:20,-26.62,-54.13,82.62,28,0,1.7,clear sky,0.0,0.19
417,Baillif,GP,2020-04-19 18:28:20,16.02,-61.75,84.2,62,75,13.87,broken clouds,0.0,0.19
418,Walvis Bay,NA,2020-04-19 18:28:20,-22.96,14.51,62.6,77,1,3.36,clear sky,0.0,0.19
419,Kampene,CD,2020-04-19 18:28:21,-3.6,26.67,69.64,82,100,1.16,light rain,0.72,0.19
420,Sangar,RU,2020-04-19 18:25:13,63.92,127.47,6.19,85,2,1.72,clear sky,0.0,0.19
421,Chacabuco,AR,2020-04-19 18:28:21,-34.64,-60.47,82.99,40,9,11.99,clear sky,0.0,0.19
422,Nannilam,IN,2020-04-19 18:28:21,10.88,79.61,81.75,79,25,7.38,scattered clouds,0.0,0.19
423,Coahuayana,MX,2020-04-19 18:26:02,18.73,-103.68,84.2,51,5,6.55,clear sky,0.0,0.19
424,Leningradskiy,RU,2020-04-19 18:25:09,69.38,178.42,6.6,92,96,6.89,overcast clouds,0.0,0.19
425,Padilla,CO,2020-04-19 18:28:22,3.22,-76.31,82.4,65,40,2.24,scattered clouds,0.0,0.19
426,Nantucket,US,2020-04-19 18:25:55,41.28,-70.1,51.8,62,1,26.4,clear sky,0.0,0.19
427,Lagoa,PT,2020-04-19 18:25:14,39.05,-27.98,57.97,66,14,28.3,few clouds,0.0,0.19
428,Abu Kamal,SY,2020-04-19 18:28:23,34.45,40.92,76.3,31,28,0.72,scattered clouds,0.0,0.19
429,Kukushtan,RU,2020-04-19 18:28:23,57.65,56.5,33.8,77,64,6.71,broken clouds,0.0,0.19
430,Cabo San Lucas,MX,2020-04-19 18:28:23,22.89,-109.91,75.0,64,5,6.93,clear sky,0.0,0.19
431,Kayankulam,IN,2020-04-19 18:28:23,9.18,76.5,83.26,80,6,5.57,light rain,1.84,0.19
432,Sao Joao Da Barra,BR,2020-04-19 18:25:55,-21.64,-41.05,80.6,57,75,11.41,broken clouds,0.0,0.19
433,Strezhevoy,RU,2020-04-19 18:28:24,60.73,77.59,42.8,93,75,4.47,light rain,0.0,0.19
434,Okhotsk,RU,2020-04-19 18:25:22,59.38,143.3,7.47,83,41,10.4,scattered clouds,0.0,0.19
435,Cao Bang,VN,2020-04-19 18:25:40,22.67,106.25,73.63,83,24,2.1,few clouds,0.0,0.19
436,Muisne,EC,2020-04-19 18:28:25,0.6,-80.03,84.2,83,40,9.17,scattered clouds,0.0,0.19
437,Asau,RO,2020-04-19 18:28:25,46.43,26.4,50.0,87,90,9.17,light rain,0.0,0.19
438,Ibra,OM,2020-04-19 18:28:25,22.69,58.53,84.78,29,37,12.03,scattered clouds,0.0,0.19
439,Santa Flavia,IT,2020-04-19 18:28:25,38.09,13.54,66.99,80,80,7.0,light rain,0.22,0.19
440,Iberia,US,2020-04-19 18:28:26,29.95,-91.75,82.4,78,20,13.87,few clouds,0.0,0.19
441,Magdeburg,DE,2020-04-19 18:28:26,52.17,11.67,53.01,31,0,9.01,clear sky,0.0,0.19
442,Kysyl-Syr,RU,2020-04-19 18:28:26,63.9,122.76,4.3,92,0,5.26,clear sky,0.0,0.19
443,Tefe,BR,2020-04-19 18:28:26,-3.35,-64.71,82.9,83,64,3.4,moderate rain,5.13,0.19
444,Stephenville Crossing,CA,2020-04-19 18:28:27,48.5,-58.43,34.0,80,90,23.04,light snow,0.0,0.19
445,Tumpat,MY,2020-04-19 18:28:27,6.2,102.17,86.0,89,40,5.26,light rain,0.0,0.19
446,Souillac,MU,2020-04-19 18:25:14,-20.52,57.52,77.0,83,75,9.17,broken clouds,0.0,0.19
447,Monrovia,LR,2020-04-19 18:28:27,6.3,-10.8,86.0,74,40,8.05,scattered clouds,0.0,0.19
448,Serramanna,IT,2020-04-19 18:28:28,39.42,8.92,66.2,93,75,8.05,broken clouds,0.0,0.19
449,Chitrakonda,IN,2020-04-19 18:28:28,18.12,82.08,77.76,53,97,1.43,light rain,0.57,0.19
450,Lesnoy,RU,2020-04-19 18:28:28,57.62,63.08,40.62,66,38,6.04,scattered clouds,0.0,0.19
451,Makakilo City,US,2020-04-19 18:28:28,21.35,-158.09,75.2,82,1,3.36,clear sky,0.0,0.19
452,Kungurtug,RU,2020-04-19 18:28:28,50.6,97.52,30.29,51,0,0.4,clear sky,0.0,0.19
453,Ebolowa,CM,2020-04-19 18:28:29,2.9,11.15,71.55,79,99,3.11,moderate rain,3.96,0.19
454,Russell,US,2020-04-19 18:28:29,32.35,-85.2,57.2,93,90,4.7,overcast clouds,0.0,0.19
455,Pingliang,CN,2020-04-19 18:28:29,35.54,106.69,49.23,30,88,9.71,overcast clouds,0.0,0.19
456,Najran,SA,2020-04-19 18:24:15,17.49,44.13,75.2,57,40,6.93,scattered clouds,0.0,0.19
457,Amalner,IN,2020-04-19 18:28:30,21.05,75.07,89.74,20,76,2.37,broken clouds,0.0,0.19
458,Boddam,GB,2020-04-19 18:28:30,57.47,-1.78,46.99,75,40,11.41,scattered clouds,0.0,0.19
459,Ouadda,CF,2020-04-19 18:28:30,8.08,22.4,79.02,41,66,3.6,broken clouds,0.0,0.19
460,Hay River,CA,2020-04-19 18:28:30,60.82,-115.8,28.4,79,90,4.7,light snow,0.0,0.19
461,Bonavista,CA,2020-04-19 18:25:36,48.65,-53.11,30.6,98,100,31.45,light snow,0.0,1.2
462,Kathmandu,NP,2020-04-19 18:26:04,27.72,85.32,59.0,82,75,2.24,broken clouds,0.0,1.2
463,Manosque,FR,2020-04-19 18:28:31,43.83,5.79,57.0,94,100,1.63,light rain,2.18,1.2
464,Pucallpa,PE,2020-04-19 18:28:31,-8.38,-74.55,86.0,55,75,5.82,broken clouds,0.0,1.2
465,Lufilufi,WS,2020-04-19 18:22:08,-13.87,-171.6,84.09,76,100,20.07,moderate rain,4.76,1.2
466,Ostrovnoy,RU,2020-04-19 18:28:32,68.05,39.51,30.65,95,97,10.69,light snow,0.0,0.35
467,Santa Cruz Do Capibaribe,BR,2020-04-19 18:28:32,-7.96,-36.2,81.5,65,55,9.15,moderate rain,6.35,0.35
468,Kvarkeno,RU,2020-04-19 18:28:32,52.08,59.73,47.16,49,92,6.38,overcast clouds,0.0,0.35
469,Sterling,US,2020-04-19 18:26:47,39.01,-77.43,63.0,44,75,10.29,broken clouds,0.0,0.35
470,Susangerd,IR,2020-04-19 18:28:33,31.56,48.18,80.6,36,50,4.7,scattered clouds,0.0,0.35
471,Mount Isa,AU,2020-04-19 18:28:33,-20.73,139.5,60.8,51,28,7.25,scattered clouds,0.0,0.35
472,Porto Novo,BJ,2020-04-19 18:28:33,6.5,2.6,82.4,83,40,13.87,scattered clouds,0.0,0.35
473,Iquitos,PE,2020-04-19 18:28:33,-3.75,-73.25,86.0,66,75,3.36,broken clouds,0.0,0.35
474,Mount Gambier,AU,2020-04-19 18:25:56,-37.83,140.77,60.8,77,90,16.11,light intensity shower rain,0.0,0.35
475,Itarema,BR,2020-04-19 18:28:34,-2.92,-39.92,82.78,81,64,6.42,light rain,2.72,0.35
476,Naze,JP,2020-04-19 18:25:10,28.37,129.48,73.4,88,90,14.99,overcast clouds,0.0,0.35
477,Oksfjord,NO,2020-04-19 18:28:34,70.24,22.35,39.99,100,75,20.8,shower rain,0.0,0.35
478,Djibo,BF,2020-04-19 18:28:34,14.1,-1.63,93.99,32,89,10.74,light rain,0.37,0.35
479,Vila,PT,2020-04-19 18:28:34,42.03,-8.16,59.0,76,20,9.17,few clouds,0.0,0.35
480,Buin,CL,2020-04-19 18:28:35,-33.73,-70.75,82.4,30,0,5.82,clear sky,0.0,0.35
481,Newport,GB,2020-04-19 18:24:55,51.59,-3.0,59.0,60,34,1.99,scattered clouds,0.0,0.35
482,Pingzhuang,CN,2020-04-19 18:28:35,42.04,119.29,40.24,53,77,27.87,light snow,0.0,0.14
483,Skiathos,GR,2020-04-19 18:28:35,39.16,23.49,68.0,77,100,3.36,overcast clouds,0.0,0.14
484,Samarai,PG,2020-04-19 18:28:36,-10.62,150.67,79.99,82,8,4.43,clear sky,0.0,0.14
485,Suyan,PH,2020-04-19 18:28:36,6.06,125.39,76.53,74,97,3.15,overcast clouds,0.0,0.14
486,Hambantota,LK,2020-04-19 18:24:37,6.12,81.12,82.72,81,99,8.77,light rain,0.84,0.14
487,Mantova,IT,2020-04-19 18:28:36,45.17,10.78,70.0,59,100,1.99,overcast clouds,0.0,0.14
488,Victoria Point,AU,2020-04-19 18:28:37,-27.58,153.3,64.0,71,0,8.08,clear sky,0.0,0.14
489,Presidencia Roque Saenz Pena,AR,2020-04-19 18:28:37,-26.79,-60.44,87.55,25,0,4.27,clear sky,0.0,0.14
490,Varhaug,NO,2020-04-19 18:28:37,58.61,5.65,51.01,76,0,8.05,clear sky,0.0,0.14
491,Mahibadhoo,MV,2020-04-19 18:28:38,3.78,72.97,85.48,76,58,10.92,light rain,0.23,0.14
492,Gulbarga,IN,2020-04-19 18:28:39,17.33,76.83,86.59,29,40,7.02,scattered clouds,0.0,0.14
493,Yarmouth,US,2020-04-19 18:25:26,41.71,-70.23,55.4,47,1,25.28,clear sky,0.0,0.14
494,Yangjiang,CN,2020-04-19 18:28:39,21.85,111.97,73.42,92,29,4.54,scattered clouds,0.0,0.14
495,Buraydah,SA,2020-04-19 18:28:39,26.33,43.98,77.0,47,20,11.41,few clouds,0.0,0.14
496,Tautira,PF,2020-04-19 18:28:39,-17.73,-149.15,84.2,66,95,2.24,light rain,0.41,0.14
497,Sistranda,NO,2020-04-19 18:28:40,63.73,8.83,42.8,81,20,11.41,few clouds,0.0,0.14
498,Ojinaga,MX,2020-04-19 18:28:40,29.57,-104.42,80.6,14,1,13.87,clear sky,0.0,0.14
499,Kostomuksha,RU,2020-04-19 18:28:40,64.57,30.58,32.32,89,95,6.51,overcast clouds,0.0,0.14
500,Merauke,ID,2020-04-19 18:28:40,-8.47,140.33,77.09,90,47,8.01,scattered clouds,0.0,0.14
501,Port Hedland,AU,2020-04-19 18:28:41,-20.32,118.57,77.0,94,92,5.82,overcast clouds,0.0,0.14
502,Carora,VE,2020-04-19 18:28:41,10.18,-70.08,91.51,36,46,3.11,light rain,0.92,0.14
503,Saint-Paul,RE,2020-04-19 18:28:41,-21.01,55.27,75.2,78,20,14.99,few clouds,0.0,0.14
504,Eidfjord,NO,2020-04-19 18:28:41,60.47,7.07,42.53,64,1,1.72,clear sky,0.0,0.14
505,Mezen,RU,2020-04-19 18:28:41,65.85,44.24,32.11,98,100,5.19,light snow,0.0,0.47
506,Aykhal,RU,2020-04-19 18:25:03,66.0,111.5,19.4,52,0,4.12,clear sky,0.0,0.47
507,Crestview,US,2020-04-19 18:28:42,30.76,-86.57,84.2,62,20,16.11,few clouds,0.0,0.47
508,Saint-Leu,RE,2020-04-19 18:28:42,-21.15,55.28,77.0,78,51,18.34,light rain,0.18,0.47
509,Aurillac,FR,2020-04-19 18:28:42,44.92,2.45,57.2,100,100,1.48,light rain,0.79,0.47
510,Ballina,AU,2020-04-19 18:24:09,-28.87,153.57,63.0,100,0,6.93,clear sky,0.0,0.47
511,Tortoli,IT,2020-04-19 18:28:43,39.93,9.66,62.6,100,90,3.36,mist,0.0,0.47
512,Bengkulu,ID,2020-04-19 18:28:43,-3.8,102.27,78.82,81,100,3.74,overcast clouds,0.0,0.47
513,Lujan,AR,2020-04-19 18:28:43,-34.57,-59.1,80.01,48,1,4.0,clear sky,0.0,0.47
514,Betsiamites,CA,2020-04-19 18:28:43,48.94,-68.65,42.8,48,75,6.93,broken clouds,0.0,0.47
515,Acarau,BR,2020-04-19 18:28:44,-2.89,-40.12,82.76,82,77,6.06,light rain,2.43,0.47
516,Chapais,CA,2020-04-19 18:28:44,49.78,-74.85,21.2,73,90,11.41,light snow,0.0,0.47
517,Asfi,MA,2020-04-19 18:28:44,32.3,-9.24,64.99,67,7,14.65,clear sky,0.0,0.47
518,Beringovskiy,RU,2020-04-19 18:25:24,63.05,179.32,16.25,96,100,15.46,light snow,0.0,0.63
519,Zhigansk,RU,2020-04-19 18:24:42,66.77,123.37,12.16,94,76,9.31,broken clouds,0.0,0.63
520,Storsteinnes,NO,2020-04-19 18:28:45,69.24,19.23,39.2,86,75,28.86,light rain,0.0,0.63
521,Rocha,UY,2020-04-19 18:28:45,-34.48,-54.33,74.19,57,0,8.59,clear sky,0.0,0.63
522,Baherden,TM,2020-04-19 18:28:45,38.44,57.43,73.24,26,4,5.88,clear sky,0.0,0.63
523,Abha,SA,2020-04-19 18:28:46,18.22,42.51,66.2,82,99,2.04,light rain,0.45,0.63
524,Thinadhoo,MV,2020-04-19 18:28:46,0.53,72.93,85.08,76,72,12.17,broken clouds,0.0,0.63
525,Buckeye,US,2020-04-19 18:28:46,33.37,-112.58,75.99,35,1,5.82,clear sky,0.0,0.63
526,El Dorado,US,2020-04-19 18:28:46,33.21,-92.67,60.8,100,90,8.05,thunderstorm with light rain,0.0,0.63
527,Tual,ID,2020-04-19 18:28:46,-5.67,132.75,83.89,71,79,4.45,broken clouds,0.0,0.63
528,Sihor,IN,2020-04-19 18:28:47,21.7,71.97,87.06,29,98,9.31,overcast clouds,0.0,0.63
529,Kiunga,PG,2020-04-19 18:28:47,-6.12,141.29,74.07,97,98,0.34,moderate rain,4.28,0.63
530,Diamantino,BR,2020-04-19 18:28:47,-14.41,-56.45,86.09,56,29,3.74,light rain,0.22,0.63
531,Ilo,PE,2020-04-19 18:28:47,-17.64,-71.34,73.36,59,2,7.43,clear sky,0.0,0.63
532,Toora-Khem,RU,2020-04-19 18:25:31,52.47,96.11,32.99,55,0,2.01,clear sky,0.0,0.63
533,Srednekolymsk,RU,2020-04-19 18:25:26,67.45,153.68,-8.01,89,5,6.96,clear sky,0.0,0.63
534,Narasannapeta,IN,2020-04-19 18:28:48,18.42,84.05,80.67,66,100,2.51,overcast clouds,0.0,0.63
535,Xuddur,SO,2020-04-19 18:28:48,4.12,43.89,79.97,58,98,6.76,light rain,1.32,0.63
536,Sokolo,ML,2020-04-19 18:28:48,14.73,-6.12,99.9,18,96,11.9,overcast clouds,0.0,0.63
537,Okoneshnikovo,RU,2020-04-19 18:28:49,54.84,75.08,52.32,74,54,10.07,broken clouds,0.0,0.63
538,Goderich,CA,2020-04-19 18:25:43,43.75,-81.72,39.0,86,98,15.59,light rain,0.64,0.63
539,Lujiang,CN,2020-04-19 18:28:51,31.26,117.28,60.01,100,97,6.71,mist,0.0,0.63
540,Dunshaughlin,IE,2020-04-19 18:28:51,53.51,-6.54,50.0,66,20,11.41,few clouds,0.0,0.63
541,Shakhovskaya,RU,2020-04-19 18:28:51,56.03,35.51,35.4,78,99,6.17,light rain,0.47,0.63
542,Tateyama,JP,2020-04-19 18:28:51,34.98,139.87,51.01,79,100,1.01,overcast clouds,0.0,0.63
543,Gold Coast,AU,2020-04-19 18:28:52,-28.0,153.43,59.0,93,0,1.12,clear sky,0.0,0.63
544,Olafsvik,IS,2020-04-19 18:28:52,64.89,-23.71,43.11,95,100,14.32,moderate rain,4.17,0.63
545,Robertsport,LR,2020-04-19 18:28:52,6.75,-11.37,83.16,73,100,6.58,light rain,0.18,0.63
546,Conde,BR,2020-04-19 18:28:53,-7.26,-34.91,84.2,79,20,11.41,few clouds,0.0,0.63
547,San Quintin,MX,2020-04-19 18:28:53,30.48,-115.95,63.99,63,99,15.23,overcast clouds,0.0,0.63
548,Soyo,AO,2020-04-19 18:28:53,-6.13,12.37,81.41,80,84,3.94,light rain,0.22,0.63
549,Ketchikan,US,2020-04-19 18:23:06,55.34,-131.65,44.6,93,90,16.11,overcast clouds,0.0,0.63
550,Bardsir,IR,2020-04-19 18:28:54,29.92,56.57,57.2,54,40,5.01,scattered clouds,0.0,0.63
551,Middle Island,US,2020-04-19 18:28:54,40.88,-72.94,57.0,47,1,16.11,clear sky,0.0,0.63
552,Praya,CV,2020-04-19 18:28:54,14.92,-23.51,78.8,57,40,20.8,scattered clouds,0.0,0.63
553,Cap Malheureux,MU,2020-04-19 18:25:28,-19.98,57.61,77.0,83,75,9.17,broken clouds,0.0,0.63
554,Prescott Valley,US,2020-04-19 18:28:00,34.59,-112.33,66.0,38,75,9.06,broken clouds,0.0,0.63
555,Melilla,ES,2020-04-19 18:26:01,35.29,-2.94,68.0,63,48,19.46,scattered clouds,0.0,0.63
